ts,actions
2033.3333333333333,"{'eyeLookUpRight': 0.22778183221817017, 'eyeSquintLeft': 0.4225715398788452, 'eyeSquintRight': 0.5308035016059875, 'mouthPressLeft': 0.2763499915599823, 'mouthSmileLeft': 0.5999032855033875, 'mouthSmileRight': 0.5839893817901611}"
4633.333333333333,"{'browOuterUpRight': 0.23540470004081726, 'eyeLookUpLeft': 0.2016763985157013, 'eyeLookUpRight': 0.23974840342998505, 'eyeSquintLeft': 0.42584383487701416, 'eyeSquintRight': 0.43363991379737854, 'mouthPressLeft': 0.49063292145729065}"
7000.0,"{'eyeSquintLeft': 0.2857290804386139, 'eyeSquintRight': 0.3490375280380249, 'mouthPressLeft': 0.5076165795326233}"
9266.666666666666,"{'eyeSquintLeft': 0.6213713884353638, 'eyeSquintRight': 0.4070298969745636, 'mouthPressLeft': 0.5553385019302368, 'mouthPressRight': 0.22896328568458557, 'mouthShrugLower': 0.5347107648849487, 'mouthSmileLeft': 0.46543148159980774, 'mouthSmileRight': 0.3798578977584839}"
11433.333333333334,"{'eyeLookOutLeft': 0.2287823110818863, 'eyeSquintLeft': 0.46005767583847046, 'eyeSquintRight': 0.4074157476425171, 'mouthPressLeft': 0.6660361886024475, 'mouthPressRight': 0.33952629566192627, 'mouthRollLower': 0.34170085191726685, 'mouthShrugLower': 0.5347249507904053, 'mouthSmileLeft': 0.49552056193351746, 'mouthSmileRight': 0.42398834228515625}"
12933.333333333334,"{'eyeLookUpLeft': 0.21536019444465637, 'eyeLookUpRight': 0.23460078239440918, 'eyeSquintLeft': 0.3959547281265259, 'eyeSquintRight': 0.34636151790618896, 'mouthPressLeft': 0.44858959317207336}"
14633.333333333332,"{'eyeLookOutRight': 0.23236940801143646, 'eyeLookUpRight': 0.20926615595817566, 'eyeSquintLeft': 0.2446306347846985, 'eyeSquintRight': 0.29474252462387085, 'mouthPressLeft': 0.6737881302833557}"
16466.666666666664,"{'eyeLookInLeft': 0.3917561173439026, 'eyeLookOutRight': 0.42612358927726746, 'eyeLookUpLeft': 0.2881711423397064, 'eyeLookUpRight': 0.311475932598114, 'eyeSquintLeft': 0.4228159189224243, 'eyeSquintRight': 0.26367127895355225, 'mouthPressLeft': 0.6683999300003052}"
18133.333333333332,"{'browOuterUpLeft': 0.45809176564216614, 'browOuterUpRight': 0.5804346799850464, 'eyeLookUpLeft': 0.49353185296058655, 'eyeLookUpRight': 0.5131471157073975, 'eyeSquintLeft': 0.5499489307403564, 'eyeSquintRight': 0.28670525550842285, 'mouthFrownLeft': 0.20935197174549103}"
21233.333333333336,"{'eyeLookUpLeft': 0.5574321746826172, 'eyeLookUpRight': 0.5294723510742188, 'eyeSquintLeft': 0.740954577922821, 'eyeSquintRight': 0.3591934144496918, 'mouthLowerDownLeft': 0.2132043093442917, 'mouthLowerDownRight': 0.39715492725372314}"
23033.333333333332,"{'browOuterUpLeft': 0.22932308912277222, 'eyeLookUpLeft': 0.8267554044723511, 'eyeLookUpRight': 0.8423389196395874, 'eyeSquintLeft': 0.6204689741134644, 'mouthLowerDownLeft': 0.36597949266433716, 'mouthLowerDownRight': 0.3005759119987488, 'mouthUpperUpLeft': 0.24535875022411346, 'mouthUpperUpRight': 0.46730273962020874}"
25166.666666666668,"{'eyeLookUpLeft': 0.5361292362213135, 'eyeLookUpRight': 0.5288690328598022, 'eyeSquintLeft': 0.5996288061141968, 'eyeSquintRight': 0.3437834680080414, 'mouthPressLeft': 0.2649611830711365}"
27200.0,"{'browInnerUp': 0.24448084831237793, 'browOuterUpLeft': 0.3699779808521271, 'browOuterUpRight': 0.476997047662735, 'eyeLookInRight': 0.5642345547676086, 'eyeLookOutLeft': 0.5555624961853027, 'eyeSquintLeft': 0.5095651745796204, 'eyeSquintRight': 0.45097818970680237}"
29200.0,"{'browOuterUpLeft': 0.3463529348373413, 'browOuterUpRight': 0.38650548458099365, 'eyeBlinkLeft': 0.34652379155158997, 'eyeBlinkRight': 0.36869463324546814, 'eyeLookDownLeft': 0.4890351891517639, 'eyeLookDownRight': 0.4883553385734558, 'eyeLookInRight': 0.26510944962501526, 'eyeLookOutLeft': 0.26215147972106934, 'eyeSquintLeft': 0.3745200037956238, 'eyeSquintRight': 0.4488320052623749}"
33466.66666666667,"{'browOuterUpRight': 0.42065611481666565, 'eyeBlinkLeft': 0.33486276865005493, 'eyeBlinkRight': 0.24614228308200836, 'eyeLookDownLeft': 0.4239404797554016, 'eyeLookDownRight': 0.4028201103210449, 'eyeSquintLeft': 0.4175223708152771, 'eyeSquintRight': 0.36711081862449646}"
35433.33333333333,"{'browInnerUp': 0.23506899178028107, 'browOuterUpLeft': 0.5997354984283447, 'browOuterUpRight': 0.4716878831386566, 'eyeBlinkLeft': 0.34250250458717346, 'eyeBlinkRight': 0.38744649291038513, 'eyeLookDownLeft': 0.6969175338745117, 'eyeLookDownRight': 0.703987181186676, 'eyeLookInRight': 0.3495011329650879, 'eyeLookOutLeft': 0.340655654668808, 'eyeSquintLeft': 0.4113844335079193, 'eyeSquintRight': 0.5062401294708252}"
37666.666666666664,"{'browOuterUpLeft': 0.4615812301635742, 'browOuterUpRight': 0.4849739372730255, 'eyeBlinkLeft': 0.4106973707675934, 'eyeBlinkRight': 0.4042951464653015, 'eyeLookDownLeft': 0.5933338403701782, 'eyeLookDownRight': 0.601237416267395, 'eyeSquintLeft': 0.5696688890457153, 'eyeSquintRight': 0.4691573679447174}"
39700.0,"{'eyeBlinkLeft': 0.20007428526878357, 'eyeLookUpRight': 0.2622808516025543, 'eyeSquintLeft': 0.2655671536922455, 'eyeSquintRight': 0.553330659866333, 'mouthRight': 0.34259748458862305}"
42300.0,"{'browInnerUp': 0.31067749857902527, 'browOuterUpLeft': 0.4325229227542877, 'browOuterUpRight': 0.6513718366622925, 'eyeBlinkRight': 0.21868395805358887, 'eyeLookDownLeft': 0.4875355362892151, 'eyeLookDownRight': 0.48052141070365906, 'eyeLookInRight': 0.46636828780174255, 'eyeLookOutLeft': 0.46653062105178833, 'eyeSquintLeft': 0.427166610956192, 'eyeSquintRight': 0.40612897276878357}"
44333.333333333336,"{'browOuterUpLeft': 0.3835505545139313, 'browOuterUpRight': 0.20041964948177338, 'eyeLookInRight': 0.9557753205299377, 'eyeLookOutLeft': 0.9533674716949463, 'eyeSquintLeft': 0.20509563386440277}"
46033.33333333333,"{'browOuterUpLeft': 0.4207480549812317, 'browOuterUpRight': 0.37441813945770264, 'eyeBlinkLeft': 0.3849555552005768, 'eyeBlinkRight': 0.423011839389801, 'eyeLookDownLeft': 0.6058523654937744, 'eyeLookDownRight': 0.6171756982803345, 'eyeLookInRight': 0.23197081685066223, 'eyeLookOutLeft': 0.24433685839176178, 'eyeSquintLeft': 0.5780375003814697, 'eyeSquintRight': 0.506292462348938}"
48300.0,"{'eyeLookUpLeft': 0.24810703098773956, 'eyeLookUpRight': 0.2495783418416977, 'eyeSquintLeft': 0.7591373920440674, 'eyeSquintRight': 0.6120090484619141}"
50466.66666666667,"{'browOuterUpLeft': 0.4803015887737274, 'browOuterUpRight': 0.5282303690910339, 'eyeBlinkLeft': 0.34841811656951904, 'eyeBlinkRight': 0.3375434875488281, 'eyeLookDownLeft': 0.5302959680557251, 'eyeLookDownRight': 0.5327560305595398, 'eyeLookInRight': 0.2978653907775879, 'eyeLookOutLeft': 0.29304754734039307, 'eyeSquintLeft': 0.6056299209594727, 'eyeSquintRight': 0.5150451064109802}"
52800.0,"{'browOuterUpLeft': 0.353435754776001, 'browOuterUpRight': 0.3331976532936096, 'eyeBlinkLeft': 0.4834713935852051, 'eyeBlinkRight': 0.5099981427192688, 'eyeLookDownLeft': 0.5160296559333801, 'eyeLookDownRight': 0.526924729347229, 'eyeLookInRight': 0.3829018771648407, 'eyeLookOutLeft': 0.3724643886089325, 'eyeSquintLeft': 0.625434935092926, 'eyeSquintRight': 0.46776044368743896, 'mouthPucker': 0.22434581816196442}"
55199.99999999999,"{'browOuterUpLeft': 0.27453047037124634, 'browOuterUpRight': 0.349809855222702, 'eyeLookOutLeft': 0.21150164306163788, 'eyeLookUpLeft': 0.5244917869567871, 'eyeLookUpRight': 0.5922412872314453, 'eyeSquintRight': 0.2638010084629059}"
57000.0,"{'eyeLookInLeft': 0.8146973848342896, 'eyeLookOutRight': 0.8269668817520142, 'eyeLookUpLeft': 0.39481958746910095, 'eyeLookUpRight': 0.45555201172828674, 'eyeSquintLeft': 0.25894418358802795, 'eyeSquintRight': 0.2781943380832672}"
59199.99999999999,"{'browDownRight': 0.22722738981246948, 'eyeLookInLeft': 0.59172523021698, 'eyeLookOutRight': 0.6079932451248169, 'eyeSquintLeft': 0.27988100051879883}"
61433.33333333333,"{'browOuterUpLeft': 0.3429606854915619, 'browOuterUpRight': 0.4814743399620056, 'eyeBlinkLeft': 0.3118410110473633, 'eyeBlinkRight': 0.3613112270832062, 'eyeLookDownLeft': 0.5361103415489197, 'eyeLookDownRight': 0.5524324178695679, 'eyeLookInRight': 0.2588177025318146, 'eyeLookOutLeft': 0.2586633861064911, 'eyeSquintLeft': 0.5164273977279663, 'eyeSquintRight': 0.516745924949646}"
63733.333333333336,"{'browOuterUpRight': 0.26124081015586853, 'eyeLookUpLeft': 0.27959370613098145, 'eyeLookUpRight': 0.316336065530777, 'eyeSquintLeft': 0.30484041571617126, 'eyeSquintRight': 0.29925215244293213}"
66100.0,"{'browOuterUpLeft': 0.20732563734054565, 'browOuterUpRight': 0.38033199310302734, 'eyeLookInRight': 0.7133125066757202, 'eyeLookOutLeft': 0.7272191047668457, 'eyeLookUpLeft': 0.24117262661457062, 'eyeLookUpRight': 0.27530378103256226, 'eyeSquintLeft': 0.23319461941719055, 'eyeSquintRight': 0.33504748344421387}"
68500.0,"{'browOuterUpRight': 0.25601136684417725, 'eyeBlinkLeft': 0.20843231678009033, 'eyeLookDownLeft': 0.5624945163726807, 'eyeLookDownRight': 0.5513069033622742, 'eyeSquintRight': 0.22566038370132446, 'mouthPucker': 0.20513008534908295}"
71700.0,"{'eyeBlinkLeft': 0.4864877760410309, 'eyeBlinkRight': 0.24121853709220886, 'eyeLookDownLeft': 0.32865893840789795, 'eyeLookDownRight': 0.2824046015739441, 'eyeLookInRight': 0.3174736499786377, 'eyeLookOutLeft': 0.320928692817688, 'eyeSquintRight': 0.45008739829063416, 'mouthPressLeft': 0.4226037561893463}"
73900.0,"{'browOuterUpLeft': 0.3807608485221863, 'browOuterUpRight': 0.41612082719802856, 'eyeBlinkLeft': 0.2160051017999649, 'eyeLookDownLeft': 0.5514370203018188, 'eyeLookDownRight': 0.5582059621810913, 'eyeLookInRight': 0.7585381269454956, 'eyeLookOutLeft': 0.7652590870857239, 'eyeSquintLeft': 0.29138317704200745, 'eyeSquintRight': 0.2884191870689392, 'mouthPressLeft': 0.3853219747543335}"
76133.33333333333,"{'browInnerUp': 0.46578770875930786, 'browOuterUpLeft': 0.5881006717681885, 'browOuterUpRight': 0.8192802667617798, 'eyeBlinkLeft': 0.4119930565357208, 'eyeBlinkRight': 0.33300313353538513, 'eyeLookDownLeft': 0.6699544787406921, 'eyeLookDownRight': 0.6953822374343872, 'eyeLookInRight': 0.2417656034231186, 'eyeLookOutLeft': 0.23961703479290009, 'eyeSquintLeft': 0.3402097523212433, 'eyeSquintRight': 0.4111356735229492}"
78500.0,"{'browOuterUpRight': 0.3177652359008789, 'eyeLookUpRight': 0.21244622766971588, 'eyeSquintRight': 0.4050152897834778, 'mouthPressLeft': 0.3354814350605011}"
80800.0,"{'browInnerUp': 0.4123019874095917, 'browOuterUpLeft': 0.5851684808731079, 'browOuterUpRight': 0.5695988535881042, 'eyeLookInLeft': 0.2881523668766022, 'eyeLookOutRight': 0.2946106791496277, 'eyeLookUpLeft': 0.5050873756408691, 'eyeLookUpRight': 0.5288946628570557, 'eyeSquintRight': 0.25049158930778503, 'mouthShrugLower': 0.27821415662765503, 'mouthShrugUpper': 0.7571380138397217, 'mouthUpperUpLeft': 0.3413502871990204}"
83000.0,"{'browOuterUpLeft': 0.31035858392715454, 'browOuterUpRight': 0.22297152876853943, 'eyeBlinkRight': 0.20735575258731842, 'eyeLookDownLeft': 0.5745855569839478, 'eyeLookDownRight': 0.5439906120300293, 'eyeLookInLeft': 0.3103800117969513, 'eyeLookOutRight': 0.3066290318965912, 'eyeSquintLeft': 0.28431031107902527, 'mouthShrugLower': 0.5677624940872192, 'mouthSmileLeft': 0.4384955167770386, 'mouthSmileRight': 0.5448416471481323}"
85400.0,"{'browOuterUpLeft': 0.2243635505437851, 'browOuterUpRight': 0.21152159571647644, 'eyeBlinkLeft': 0.20475265383720398, 'eyeBlinkRight': 0.2358212172985077, 'eyeLookDownLeft': 0.5851408243179321, 'eyeLookDownRight': 0.5648066997528076, 'eyeLookInLeft': 0.5638439655303955, 'eyeLookOutRight': 0.5502445101737976, 'eyeSquintLeft': 0.4278271794319153, 'eyeSquintRight': 0.24129576981067657, 'mouthSmileLeft': 0.4284847378730774, 'mouthSmileRight': 0.3889854848384857}"
88533.33333333333,"{'browOuterUpRight': 0.4523235857486725, 'eyeLookInLeft': 0.21049566566944122, 'eyeLookOutRight': 0.26323822140693665, 'eyeLookUpLeft': 0.5648444294929504, 'eyeLookUpRight': 0.5579358339309692, 'eyeSquintLeft': 0.756354808807373, 'eyeSquintRight': 0.2745792865753174, 'mouthSmileLeft': 0.6509472131729126, 'mouthSmileRight': 0.5399482250213623}"
90733.33333333333,"{'browInnerUp': 0.2545781433582306, 'browOuterUpLeft': 0.22669635713100433, 'eyeBlinkRight': 0.31418347358703613, 'eyeLookDownLeft': 0.3884698450565338, 'eyeLookDownRight': 0.38180187344551086, 'eyeLookInLeft': 0.2907470166683197, 'eyeLookOutRight': 0.28102973103523254, 'eyeSquintLeft': 0.2657985985279083, 'eyeSquintRight': 0.3449649214744568, 'mouthShrugUpper': 0.3350006937980652}"
92966.66666666667,"{'browOuterUpLeft': 0.3926510214805603, 'eyeLookDownLeft': 0.4168020486831665, 'eyeLookDownRight': 0.4136611223220825, 'eyeLookInLeft': 0.5277347564697266, 'eyeLookOutRight': 0.5246890783309937, 'eyeSquintLeft': 0.42826366424560547, 'eyeSquintRight': 0.2836073040962219, 'mouthShrugLower': 0.5779861807823181}"
95100.0,"{'browOuterUpLeft': 0.2716563642024994, 'eyeLookInLeft': 0.39451736211776733, 'eyeLookOutRight': 0.3898932933807373, 'eyeSquintLeft': 0.2868647575378418}"
97500.0,"{'browOuterUpLeft': 0.2308531403541565, 'eyeLookDownLeft': 0.46115201711654663, 'eyeLookDownRight': 0.4568411111831665, 'eyeSquintLeft': 0.3236193060874939, 'mouthPressLeft': 0.2494688630104065, 'mouthShrugLower': 0.2567214369773865}"
99866.66666666666,"{'browOuterUpLeft': 0.3139418363571167, 'eyeLookDownLeft': 0.38252007961273193, 'eyeLookDownRight': 0.3947412967681885, 'eyeLookInLeft': 0.23650380969047546, 'eyeLookOutRight': 0.264262318611145, 'eyeSquintLeft': 0.35336947441101074, 'eyeSquintRight': 0.2254122495651245, 'mouthPressLeft': 0.6129389405250549, 'mouthShrugLower': 0.3480033278465271}"
101833.33333333333,"{'browOuterUpLeft': 0.39225101470947266, 'browOuterUpRight': 0.5316011309623718, 'eyeBlinkLeft': 0.5035606622695923, 'eyeBlinkRight': 0.36738985776901245, 'eyeLookDownLeft': 0.6730005145072937, 'eyeLookDownRight': 0.6995774507522583, 'eyeSquintLeft': 0.6155555248260498, 'eyeSquintRight': 0.5210187435150146, 'mouthPressLeft': 0.6255781650543213, 'mouthPressRight': 0.23541784286499023}"
104000.0,"{'browOuterUpRight': 0.2207806557416916, 'eyeLookUpLeft': 0.3735171854496002, 'eyeLookUpRight': 0.37748435139656067, 'eyeSquintLeft': 0.5516543388366699, 'eyeSquintRight': 0.35194510221481323, 'mouthPressLeft': 0.6728363037109375}"
106066.66666666666,"{'browOuterUpLeft': 0.33236926794052124, 'browOuterUpRight': 0.2621879577636719, 'eyeLookInLeft': 0.27687010169029236, 'eyeLookOutRight': 0.3095952570438385, 'eyeLookUpLeft': 0.37079134583473206, 'eyeLookUpRight': 0.3885044455528259, 'eyeSquintLeft': 0.5035279989242554, 'eyeSquintRight': 0.284035861492157, 'mouthPressLeft': 0.2884581983089447}"
107933.33333333334,"{'browOuterUpLeft': 0.3991909623146057, 'browOuterUpRight': 0.4987334609031677, 'eyeBlinkLeft': 0.4591320753097534, 'eyeBlinkRight': 0.4116092026233673, 'eyeLookDownLeft': 0.5740736722946167, 'eyeLookDownRight': 0.6040776968002319, 'eyeSquintLeft': 0.6300452351570129, 'eyeSquintRight': 0.570071816444397}"
110066.66666666666,"{'browOuterUpLeft': 0.33828628063201904, 'browOuterUpRight': 0.37188470363616943, 'eyeBlinkRight': 0.2664024829864502, 'eyeLookDownRight': 0.22548118233680725, 'eyeLookInRight': 0.21108736097812653, 'eyeLookOutLeft': 0.21659322082996368, 'eyeSquintLeft': 0.6189550161361694, 'eyeSquintRight': 0.5431625247001648}"
112433.33333333334,"{'browOuterUpLeft': 0.5076031684875488, 'browOuterUpRight': 0.5149918794631958, 'eyeBlinkLeft': 0.3718697428703308, 'eyeBlinkRight': 0.2846689522266388, 'eyeLookDownLeft': 0.34496626257896423, 'eyeLookDownRight': 0.33962398767471313, 'eyeSquintLeft': 0.7305033802986145, 'eyeSquintRight': 0.5380492210388184, 'mouthPressLeft': 0.3423294723033905}"
114700.0,"{'browOuterUpLeft': 0.6096698641777039, 'browOuterUpRight': 0.6176342964172363, 'eyeLookDownLeft': 0.2306012362241745, 'eyeLookDownRight': 0.24740250408649445, 'eyeSquintLeft': 0.7017303705215454, 'eyeSquintRight': 0.46591103076934814, 'mouthPressLeft': 0.26755473017692566}"
117166.66666666667,"{'browOuterUpLeft': 0.4932178556919098, 'browOuterUpRight': 0.46246227622032166, 'eyeBlinkLeft': 0.24044203758239746, 'eyeBlinkRight': 0.2738533020019531, 'eyeLookDownLeft': 0.2949293851852417, 'eyeLookDownRight': 0.31159037351608276, 'eyeLookInRight': 0.35366615653038025, 'eyeLookOutLeft': 0.34716179966926575, 'eyeSquintLeft': 0.692290723323822, 'eyeSquintRight': 0.5863262414932251}"
119466.66666666667,"{'browOuterUpLeft': 0.6071606874465942, 'browOuterUpRight': 0.6229653358459473, 'eyeBlinkLeft': 0.2776389420032501, 'eyeBlinkRight': 0.33646148443222046, 'eyeLookDownLeft': 0.46464279294013977, 'eyeLookDownRight': 0.4663543105125427, 'eyeLookInRight': 0.34021082520484924, 'eyeLookOutLeft': 0.33331388235092163, 'eyeSquintLeft': 0.6361501216888428, 'eyeSquintRight': 0.48994678258895874}"
121933.33333333334,"{'browOuterUpLeft': 0.2511040270328522, 'eyeLookUpLeft': 0.2952382564544678, 'eyeLookUpRight': 0.3773103356361389, 'eyeSquintLeft': 0.22465194761753082, 'eyeSquintRight': 0.7294280529022217}"
124133.33333333333,"{'browOuterUpLeft': 0.5261327028274536, 'browOuterUpRight': 0.5191861391067505, 'eyeBlinkLeft': 0.3552919626235962, 'eyeBlinkRight': 0.39855754375457764, 'eyeLookDownLeft': 0.6030422449111938, 'eyeLookDownRight': 0.6069179773330688, 'eyeLookInRight': 0.20323722064495087, 'eyeLookOutLeft': 0.20621193945407867, 'eyeSquintLeft': 0.5945423245429993, 'eyeSquintRight': 0.48651379346847534}"
126466.66666666667,"{'browOuterUpLeft': 0.33107081055641174, 'browOuterUpRight': 0.4084821045398712, 'eyeSquintLeft': 0.5424448847770691, 'eyeSquintRight': 0.4051957130432129}"
128766.66666666666,"{'browInnerUp': 0.2009560912847519, 'browOuterUpLeft': 0.5586037635803223, 'browOuterUpRight': 0.5692629814147949, 'eyeBlinkLeft': 0.2961341142654419, 'eyeBlinkRight': 0.3666652739048004, 'eyeLookDownLeft': 0.5570480823516846, 'eyeLookDownRight': 0.5676841735839844, 'eyeLookInRight': 0.46225807070732117, 'eyeLookOutLeft': 0.4519537389278412, 'eyeSquintLeft': 0.4816206693649292, 'eyeSquintRight': 0.5498183369636536}"
130966.66666666667,"{'browOuterUpLeft': 0.37459051609039307, 'browOuterUpRight': 0.4325205683708191, 'eyeLookInLeft': 0.2411770224571228, 'eyeLookOutRight': 0.2778845727443695, 'eyeLookUpLeft': 0.4197053611278534, 'eyeLookUpRight': 0.46255457401275635, 'eyeSquintLeft': 0.5350140333175659, 'eyeSquintRight': 0.3807258903980255, 'mouthPucker': 0.21120886504650116}"
133400.0,"{'eyeLookUpLeft': 0.6188511252403259, 'eyeLookUpRight': 0.6421478986740112, 'eyeSquintLeft': 0.2852902114391327, 'mouthPucker': 0.29398444294929504}"
135300.0,"{'browOuterUpLeft': 0.22867147624492645, 'browOuterUpRight': 0.2705810070037842, 'eyeLookUpLeft': 0.5988364219665527, 'eyeLookUpRight': 0.6307839751243591, 'eyeSquintLeft': 0.20555242896080017, 'mouthPucker': 0.3540249466896057}"
137433.33333333334,"{'browOuterUpLeft': 0.21478958427906036, 'browOuterUpRight': 0.3195521831512451, 'eyeSquintLeft': 0.2869819104671478}"
141000.0,"{'browOuterUpRight': 0.32034406065940857, 'eyeBlinkLeft': 0.696865439414978, 'eyeBlinkRight': 0.33229878544807434, 'eyeLookDownLeft': 0.6675604581832886, 'eyeLookDownRight': 0.6707587242126465, 'eyeLookInLeft': 0.308809757232666, 'eyeLookOutRight': 0.29373425245285034, 'eyeSquintLeft': 0.35956186056137085, 'eyeSquintRight': 0.5411134958267212, 'mouthPressLeft': 0.38679251074790955, 'mouthPressRight': 0.24402813613414764, 'mouthShrugLower': 0.3207792341709137, 'mouthSmileLeft': 0.615158200263977, 'mouthSmileRight': 0.5828614234924316}"
143166.66666666666,"{'browOuterUpRight': 0.3259047567844391, 'eyeBlinkLeft': 0.5787328481674194, 'eyeBlinkRight': 0.39082223176956177, 'eyeLookDownLeft': 0.4166409969329834, 'eyeLookDownRight': 0.36834385991096497, 'eyeLookInLeft': 0.21132679283618927, 'eyeSquintLeft': 0.7122424840927124, 'eyeSquintRight': 0.555452823638916, 'mouthSmileLeft': 0.7313258051872253, 'mouthSmileRight': 0.5595491528511047}"
145500.0,"{'browOuterUpLeft': 0.4184172749519348, 'browOuterUpRight': 0.3996717929840088, 'eyeSquintLeft': 0.5624028444290161, 'eyeSquintRight': 0.5513843297958374, 'mouthPressLeft': 0.5421571135520935}"
147666.66666666666,"{'browInnerUp': 0.23233798146247864, 'browOuterUpLeft': 0.48688724637031555, 'browOuterUpRight': 0.7191447019577026, 'eyeBlinkLeft': 0.29043030738830566, 'eyeLookDownLeft': 0.36472567915916443, 'eyeLookDownRight': 0.3184068500995636, 'eyeLookInRight': 0.2837473750114441, 'eyeLookOutLeft': 0.2890929579734802, 'eyeSquintLeft': 0.488146036863327, 'eyeSquintRight': 0.5022813081741333, 'mouthPressLeft': 0.3408988118171692}"
148800.0,"{'browOuterUpLeft': 0.5418993234634399, 'browOuterUpRight': 0.5865178108215332, 'eyeBlinkLeft': 0.215780571103096, 'eyeBlinkRight': 0.22119136154651642, 'eyeLookDownLeft': 0.22279340028762817, 'eyeLookDownRight': 0.2326544225215912, 'eyeSquintLeft': 0.5963214635848999, 'eyeSquintRight': 0.4777890741825104, 'mouthPressLeft': 0.2451428323984146}"
150733.3333333333,"{'browOuterUpLeft': 0.22365736961364746, 'browOuterUpRight': 0.3208046555519104, 'eyeLookInLeft': 0.4672158658504486, 'eyeLookOutRight': 0.5131196975708008, 'eyeSquintRight': 0.2145465761423111}"
152966.66666666666,"{'eyeLookInLeft': 0.2117227464914322, 'eyeLookOutRight': 0.24763387441635132, 'eyeSquintLeft': 0.27020102739334106, 'eyeSquintRight': 0.3375982940196991, 'mouthRight': 0.35634174942970276}"
155066.66666666666,"{'browOuterUpRight': 0.21364575624465942, 'eyeLookDownLeft': 0.2231588363647461, 'eyeLookInLeft': 0.3999398946762085, 'eyeLookOutRight': 0.4199505150318146, 'eyeSquintLeft': 0.42542174458503723, 'eyeSquintRight': 0.48627355694770813}"
157166.66666666666,"{'eyeLookInLeft': 0.8827849626541138, 'eyeLookOutRight': 0.8273455500602722, 'eyeLookUpLeft': 0.2526799142360687, 'eyeSquintLeft': 0.27771350741386414, 'mouthPressLeft': 0.45768070220947266}"
159000.0,"{'browOuterUpLeft': 0.26725462079048157, 'eyeLookInLeft': 0.4155658781528473, 'eyeLookOutRight': 0.44191786646842957, 'eyeSquintRight': 0.3777334988117218, 'mouthPressLeft': 0.36568841338157654}"
161133.3333333333,"{'browInnerUp': 0.2432725578546524, 'browOuterUpRight': 0.32133057713508606, 'eyeLookInLeft': 0.6305192112922668, 'eyeLookOutRight': 0.6377781629562378, 'eyeSquintLeft': 0.33903971314430237, 'eyeSquintRight': 0.21006447076797485, 'mouthPressLeft': 0.31476131081581116}"
163633.3333333333,"{'browOuterUpRight': 0.2571749985218048, 'eyeLookInLeft': 0.32430875301361084, 'eyeLookOutRight': 0.3505127429962158, 'eyeLookUpLeft': 0.24168017506599426, 'eyeLookUpRight': 0.28666993975639343}"
165966.66666666666,"{'browOuterUpLeft': 0.2234339863061905, 'browOuterUpRight': 0.35532820224761963, 'eyeLookDownLeft': 0.27079400420188904, 'eyeLookDownRight': 0.30829641222953796, 'eyeLookInRight': 0.9136109948158264, 'eyeLookOutLeft': 0.9199288487434387, 'eyeSquintLeft': 0.6107398271560669, 'eyeSquintRight': 0.49900126457214355, 'mouthPressLeft': 0.32187527418136597}"
168200.0,"{'eyeLookInRight': 0.9639915227890015, 'eyeLookOutLeft': 0.9637808799743652, 'eyeLookUpLeft': 0.2780453562736511, 'eyeLookUpRight': 0.25111544132232666, 'eyeSquintLeft': 0.6390398740768433, 'eyeSquintRight': 0.3715254068374634, 'mouthLowerDownRight': 0.2659488320350647, 'mouthSmileLeft': 0.7527348399162292, 'mouthSmileRight': 0.7147374153137207}"
170633.3333333333,"{'browOuterUpLeft': 0.3712678551673889, 'browOuterUpRight': 0.31050366163253784, 'eyeSquintLeft': 0.8208984732627869, 'eyeSquintRight': 0.6628392338752747, 'mouthSmileLeft': 0.638662576675415, 'mouthSmileRight': 0.4981689751148224}"
173066.66666666666,"{'browOuterUpLeft': 0.3474583923816681, 'browOuterUpRight': 0.4875728487968445, 'eyeLookInLeft': 0.3278285562992096, 'eyeLookOutRight': 0.3565937876701355, 'eyeLookUpLeft': 0.434345006942749, 'eyeLookUpRight': 0.47174072265625}"
175333.33333333334,"{'browOuterUpLeft': 0.2681591510772705, 'browOuterUpRight': 0.26829835772514343, 'eyeLookInRight': 0.9648495316505432, 'eyeLookOutLeft': 0.9651826620101929, 'eyeLookUpLeft': 0.32124099135398865, 'eyeLookUpRight': 0.3015618920326233, 'eyeSquintLeft': 0.2713626027107239, 'mouthShrugLower': 0.22676557302474976}"
177266.66666666666,"{'eyeLookInLeft': 0.7272360324859619, 'eyeLookOutRight': 0.7208544015884399, 'eyeSquintLeft': 0.31606024503707886, 'mouthPressLeft': 0.39154428243637085}"
179466.66666666666,"{'browInnerUp': 0.7041584253311157, 'browOuterUpLeft': 0.32276326417922974, 'browOuterUpRight': 0.5154816508293152, 'eyeBlinkLeft': 0.5030663013458252, 'eyeBlinkRight': 0.2868846654891968, 'eyeLookDownLeft': 0.5053173303604126, 'eyeLookDownRight': 0.4964120090007782, 'eyeLookInLeft': 0.30724000930786133, 'eyeLookOutRight': 0.26194316148757935, 'eyeSquintLeft': 0.5026423931121826, 'eyeSquintRight': 0.3977263867855072, 'mouthPressLeft': 0.4366110861301422}"
182500.0,"{'eyeSquintLeft': 0.2853175103664398, 'eyeSquintRight': 0.33527860045433044, 'mouthPressLeft': 0.5436389446258545}"
185000.0,"{'eyeBlinkLeft': 0.4804501235485077, 'eyeBlinkRight': 0.38143911957740784, 'eyeLookDownLeft': 0.5922621488571167, 'eyeLookDownRight': 0.5989013314247131, 'eyeLookInLeft': 0.30562376976013184, 'eyeLookOutRight': 0.20073302090168, 'eyeSquintLeft': 0.6525375247001648, 'eyeSquintRight': 0.3067208230495453, 'mouthPressLeft': 0.3399216830730438, 'mouthPressRight': 0.20646552741527557}"
187266.66666666666,"{'browInnerUp': 0.3888385593891144, 'browOuterUpLeft': 0.23518849909305573, 'browOuterUpRight': 0.8174346089363098, 'eyeBlinkLeft': 0.46504324674606323, 'eyeBlinkRight': 0.2653336524963379, 'eyeLookDownLeft': 0.5344157218933105, 'eyeLookDownRight': 0.3581387996673584, 'eyeLookInRight': 0.2517545223236084, 'eyeSquintLeft': 0.5608898997306824, 'eyeSquintRight': 0.5541818737983704}"
190533.33333333334,"{'browOuterUpLeft': 0.20796798169612885, 'eyeBlinkLeft': 0.24250690639019012, 'eyeBlinkRight': 0.2630976140499115, 'eyeLookDownLeft': 0.28128159046173096, 'eyeLookDownRight': 0.4038352370262146, 'eyeLookInRight': 0.209454745054245, 'eyeSquintLeft': 0.44328629970550537, 'eyeSquintRight': 0.361978679895401}"
192400.0,"{'browOuterUpLeft': 0.2646840214729309, 'browOuterUpRight': 0.3803217113018036, 'eyeLookUpLeft': 0.3830573558807373, 'eyeLookUpRight': 0.4409271776676178, 'mouthLowerDownLeft': 0.22083093225955963, 'mouthLowerDownRight': 0.3147459030151367, 'mouthRight': 0.20701682567596436}"
194466.66666666666,"{'browOuterUpLeft': 0.3134167790412903, 'eyeLookUpLeft': 0.21836349368095398, 'eyeLookUpRight': 0.25636857748031616, 'eyeSquintLeft': 0.21205924451351166, 'eyeSquintRight': 0.27969464659690857}"
196700.0,"{'eyeLookInRight': 0.2985265254974365, 'eyeLookOutLeft': 0.3069916069507599, 'eyeLookUpLeft': 0.2288161814212799, 'eyeLookUpRight': 0.30253881216049194, 'eyeSquintRight': 0.39054474234580994}"
199066.66666666666,"{'eyeLookUpRight': 0.20352570712566376, 'eyeSquintLeft': 0.24284031987190247, 'eyeSquintRight': 0.4732394814491272, 'mouthPressLeft': 0.2999802231788635, 'mouthRight': 0.31871089339256287}"
201433.33333333334,"{'browOuterUpRight': 0.23448818922042847, 'eyeLookOutLeft': 0.2013011872768402, 'eyeSquintLeft': 0.28961125016212463, 'eyeSquintRight': 0.4792475998401642, 'mouthPressLeft': 0.44433116912841797}"
203766.66666666666,"{'browInnerUp': 0.44506219029426575, 'eyeBlinkLeft': 0.28255245089530945, 'eyeBlinkRight': 0.20312157273292542, 'eyeLookDownLeft': 0.4740423858165741, 'eyeLookDownRight': 0.4656200110912323, 'eyeLookInLeft': 0.32255709171295166, 'eyeLookOutRight': 0.2971113622188568, 'eyeSquintLeft': 0.5179564952850342, 'eyeSquintRight': 0.35271188616752625, 'mouthPressLeft': 0.3768892288208008}"
206033.33333333334,"{'eyeSquintLeft': 0.2152828574180603, 'eyeSquintRight': 0.3334507644176483}"
207966.66666666666,"{'eyeLookUpRight': 0.23927055299282074, 'eyeSquintLeft': 0.24661734700202942, 'eyeSquintRight': 0.33113718032836914, 'mouthPressLeft': 0.3510972261428833}"
210333.33333333334,"{'eyeLookInLeft': 0.20799165964126587, 'eyeLookOutRight': 0.24369993805885315, 'eyeLookUpLeft': 0.27687084674835205, 'eyeLookUpRight': 0.33683469891548157, 'eyeSquintRight': 0.397830605506897, 'mouthPressLeft': 0.4185808300971985}"
212333.33333333334,"{'browOuterUpLeft': 0.20930416882038116, 'browOuterUpRight': 0.26355990767478943, 'eyeLookUpLeft': 0.2914235591888428, 'eyeLookUpRight': 0.35083988308906555, 'eyeSquintRight': 0.2106160670518875, 'mouthRight': 0.24281039834022522}"
214700.0,"{'eyeLookUpRight': 0.221747025847435, 'eyeSquintRight': 0.6923847794532776, 'mouthRight': 0.2573036253452301}"
216866.6666666667,"{'browOuterUpLeft': 0.39433521032333374, 'browOuterUpRight': 0.4940412640571594, 'eyeLookInLeft': 0.2756902873516083, 'eyeLookOutRight': 0.30751118063926697, 'eyeLookUpLeft': 0.33477315306663513, 'eyeLookUpRight': 0.3568154275417328, 'eyeSquintLeft': 0.5434985160827637, 'eyeSquintRight': 0.3715362846851349}"
218966.66666666666,"{'browOuterUpLeft': 0.2476368546485901, 'browOuterUpRight': 0.44817376136779785, 'eyeBlinkLeft': 0.37285172939300537, 'eyeLookDownLeft': 0.3869674503803253, 'eyeLookDownRight': 0.34221214056015015, 'eyeSquintLeft': 0.3020600378513336, 'eyeSquintRight': 0.43217459321022034, 'mouthRight': 0.21967148780822754}"
220600.0,"{'browOuterUpLeft': 0.2479763925075531, 'browOuterUpRight': 0.24069097638130188, 'eyeLookUpLeft': 0.4982602298259735, 'eyeLookUpRight': 0.5589573383331299, 'eyeSquintRight': 0.24222446978092194}"
222500.0,"{'browOuterUpLeft': 0.2759821116924286, 'browOuterUpRight': 0.3434337377548218, 'eyeLookUpLeft': 0.5279102921485901, 'eyeLookUpRight': 0.5651861429214478}"
224299.99999999997,"{'browInnerUp': 0.24848437309265137, 'browOuterUpLeft': 0.3537463843822479, 'browOuterUpRight': 0.5784507989883423, 'eyeLookDownLeft': 0.23794259130954742, 'eyeLookInLeft': 0.27721408009529114, 'eyeLookOutRight': 0.2936074137687683, 'eyeSquintLeft': 0.3698362708091736, 'eyeSquintRight': 0.46309545636177063}"
226366.6666666667,"{'browOuterUpLeft': 0.206582710146904, 'browOuterUpRight': 0.2568785548210144, 'eyeLookUpLeft': 0.4953993558883667, 'eyeLookUpRight': 0.5637485980987549, 'eyeSquintRight': 0.2219986915588379}"
228266.66666666666,"{'browOuterUpRight': 0.21587011218070984, 'eyeLookOutRight': 0.20245970785617828, 'eyeLookUpLeft': 0.2490345984697342, 'eyeLookUpRight': 0.3222992718219757, 'eyeSquintRight': 0.22771568596363068, 'mouthPressLeft': 0.6018866300582886}"
230066.66666666666,"{'browOuterUpRight': 0.292534738779068, 'eyeLookUpLeft': 0.4730227291584015, 'eyeLookUpRight': 0.5195478796958923, 'eyeSquintLeft': 0.21635888516902924, 'eyeSquintRight': 0.20772017538547516}"
231333.33333333334,"{'browOuterUpRight': 0.30201077461242676, 'eyeLookUpLeft': 0.3829001486301422, 'eyeLookUpRight': 0.44970473647117615, 'eyeSquintRight': 0.3008809983730316}"
233400.0,"{'browInnerUp': 0.42549261450767517, 'browOuterUpLeft': 0.3430843949317932, 'browOuterUpRight': 0.47410714626312256, 'eyeLookInLeft': 0.5007013082504272, 'eyeLookOutRight': 0.5105788707733154, 'eyeLookUpRight': 0.23086422681808472, 'eyeSquintLeft': 0.31140831112861633, 'eyeSquintRight': 0.32713794708251953}"
235600.0,"{'browOuterUpLeft': 0.2965419888496399, 'browOuterUpRight': 0.20425108075141907, 'eyeLookInRight': 0.9627233147621155, 'eyeLookOutLeft': 0.9620102643966675, 'eyeLookUpLeft': 0.23611728847026825, 'eyeLookUpRight': 0.22688642144203186, 'eyeSquintLeft': 0.2127864509820938}"
237866.6666666667,"{'browOuterUpLeft': 0.20809651911258698, 'browOuterUpRight': 0.3265635371208191, 'eyeLookInLeft': 0.27161386609077454, 'eyeLookOutRight': 0.3005184233188629, 'mouthPressLeft': 0.3476178050041199, 'mouthStretchLeft': 0.25375741720199585}"
239966.66666666666,"{'eyeLookInLeft': 0.7835336327552795, 'eyeLookOutRight': 0.7968084216117859, 'mouthPressLeft': 0.26189497113227844, 'mouthSmileLeft': 0.34362170100212097, 'mouthSmileRight': 0.3647460341453552}"
241733.3333333333,"{'browOuterUpLeft': 0.21834927797317505, 'browOuterUpRight': 0.3249220848083496, 'eyeLookDownLeft': 0.2698805630207062, 'eyeLookDownRight': 0.2360815405845642, 'mouthLowerDownLeft': 0.2872324287891388, 'mouthLowerDownRight': 0.25571882724761963, 'mouthSmileLeft': 0.3587472140789032, 'mouthSmileRight': 0.29915452003479004, 'mouthStretchLeft': 0.4029557406902313}"
243500.0,"{'browOuterUpLeft': 0.2305772453546524, 'browOuterUpRight': 0.4009012281894684, 'eyeLookInLeft': 0.2006036937236786, 'eyeLookOutRight': 0.23437170684337616, 'eyeLookUpLeft': 0.4313185513019562, 'eyeLookUpRight': 0.456173300743103, 'eyeSquintLeft': 0.3850843906402588, 'eyeSquintRight': 0.29128211736679077, 'mouthPressLeft': 0.20430660247802734}"
245366.6666666667,"{'browInnerUp': 0.47178909182548523, 'browOuterUpLeft': 0.583897590637207, 'browOuterUpRight': 0.7538892030715942, 'eyeBlinkLeft': 0.26677462458610535, 'eyeLookDownLeft': 0.47299090027809143, 'eyeLookDownRight': 0.4589467942714691, 'eyeLookInRight': 0.3117140233516693, 'eyeLookOutLeft': 0.3058426082134247, 'eyeSquintLeft': 0.35022878646850586, 'eyeSquintRight': 0.4715729355812073}"
247233.3333333333,"{'browOuterUpLeft': 0.2721990644931793, 'browOuterUpRight': 0.31568142771720886, 'eyeLookUpLeft': 0.5253151655197144, 'eyeLookUpRight': 0.5694315433502197, 'eyeSquintLeft': 0.26656240224838257}"
249200.0,"{'browOuterUpLeft': 0.2493331879377365, 'eyeLookInLeft': 0.8082957863807678, 'eyeLookOutRight': 0.8189524412155151, 'eyeLookUpLeft': 0.31980398297309875, 'eyeLookUpRight': 0.3604142367839813}"
251466.66666666666,"{'browInnerUp': 0.7163442373275757, 'browOuterUpLeft': 0.5125625729560852, 'browOuterUpRight': 0.552247166633606, 'eyeBlinkLeft': 0.45682457089424133, 'eyeLookUpRight': 0.35239729285240173, 'eyeSquintRight': 0.5891053080558777, 'mouthLowerDownLeft': 0.25690674781799316, 'mouthLowerDownRight': 0.2598452568054199}"
253600.0,"{'browInnerUp': 0.2659568786621094, 'browOuterUpLeft': 0.33313262462615967, 'browOuterUpRight': 0.5497817993164062, 'eyeLookDownLeft': 0.4112234115600586, 'eyeLookDownRight': 0.3935978412628174, 'eyeLookInLeft': 0.2926798462867737, 'eyeLookOutRight': 0.3227877616882324, 'eyeSquintRight': 0.35109296441078186}"
255733.3333333333,"{'browOuterUpRight': 0.23510634899139404, 'eyeLookInLeft': 0.21653534471988678, 'eyeLookOutRight': 0.2689764201641083, 'eyeLookUpLeft': 0.3550291061401367, 'eyeLookUpRight': 0.43374869227409363, 'mouthPressLeft': 0.2091851383447647}"
257899.99999999997,"{'browOuterUpRight': 0.3308652937412262, 'eyeLookUpLeft': 0.4000667929649353, 'eyeLookUpRight': 0.4653332829475403, 'eyeSquintLeft': 0.2427549660205841, 'eyeSquintRight': 0.30173081159591675}"
260233.33333333334,"{'eyeLookInLeft': 0.3273891806602478, 'eyeLookOutRight': 0.3735271096229553, 'eyeLookUpLeft': 0.40549319982528687, 'eyeLookUpRight': 0.44978371262550354}"
262000.0,"{'browOuterUpLeft': 0.265674352645874, 'browOuterUpRight': 0.3758748769760132, 'eyeLookUpLeft': 0.47354426980018616, 'eyeLookUpRight': 0.5040820240974426, 'eyeSquintLeft': 0.26239001750946045, 'eyeSquintRight': 0.20826256275177002}"
263733.3333333334,"{'browOuterUpLeft': 0.33774739503860474, 'browOuterUpRight': 0.34376078844070435, 'eyeLookInLeft': 0.21948960423469543, 'eyeLookOutRight': 0.26324933767318726, 'eyeLookUpLeft': 0.6054331064224243, 'eyeLookUpRight': 0.6269994378089905, 'eyeSquintLeft': 0.22679777443408966}"
265800.0,"{'browOuterUpLeft': 0.4286014139652252, 'browOuterUpRight': 0.430641233921051, 'eyeLookUpLeft': 0.5753681659698486, 'eyeLookUpRight': 0.6068742275238037, 'eyeSquintLeft': 0.2072102278470993, 'eyeSquintRight': 0.20389457046985626}"
267566.6666666667,"{'browInnerUp': 0.28612881898880005, 'browOuterUpLeft': 0.43464991450309753, 'browOuterUpRight': 0.6645694971084595, 'eyeLookDownLeft': 0.2841373383998871, 'eyeLookDownRight': 0.2565004229545593, 'eyeLookInLeft': 0.28383100032806396, 'eyeLookOutRight': 0.2977309226989746, 'eyeSquintLeft': 0.3380279839038849, 'eyeSquintRight': 0.2736915946006775}"
269366.6666666667,"{'browOuterUpLeft': 0.301543265581131, 'browOuterUpRight': 0.44038262963294983, 'eyeLookOutRight': 0.2399066537618637, 'eyeLookUpLeft': 0.4874586760997772, 'eyeLookUpRight': 0.5478609800338745, 'eyeSquintLeft': 0.26333722472190857, 'eyeSquintRight': 0.23207707703113556, 'mouthRight': 0.22313183546066284}"
271066.6666666667,"{'browOuterUpRight': 0.2312435656785965, 'eyeLookUpLeft': 0.48920658230781555, 'eyeLookUpRight': 0.55507493019104, 'eyeSquintLeft': 0.2650681436061859, 'eyeSquintRight': 0.2920818626880646}"
273233.3333333334,"{'eyeLookInLeft': 0.7956671118736267, 'eyeLookOutRight': 0.8065762519836426, 'eyeLookUpLeft': 0.38198795914649963, 'eyeLookUpRight': 0.3976669907569885}"
275200.0,"{'eyeLookInLeft': 0.6949658393859863, 'eyeLookOutRight': 0.7179355621337891, 'eyeSquintLeft': 0.3022257387638092, 'eyeSquintRight': 0.3790770173072815}"
277333.3333333333,"{'browOuterUpLeft': 0.2514247000217438, 'browOuterUpRight': 0.2937276363372803, 'eyeLookUpLeft': 0.3390865623950958, 'eyeLookUpRight': 0.4050486981868744, 'eyeSquintRight': 0.2607242166996002, 'mouthPressLeft': 0.3913496732711792}"
278933.3333333333,"{'browInnerUp': 0.24860121309757233, 'browOuterUpLeft': 0.5317530632019043, 'browOuterUpRight': 0.7188554406166077, 'eyeLookDownLeft': 0.428501158952713, 'eyeLookDownRight': 0.42122188210487366, 'eyeLookInRight': 0.5736270546913147, 'eyeLookOutLeft': 0.567118227481842, 'eyeSquintLeft': 0.39288008213043213, 'eyeSquintRight': 0.47140273451805115}"
281166.6666666667,"{'browInnerUp': 0.2994338572025299, 'browOuterUpLeft': 0.667373776435852, 'browOuterUpRight': 0.7570414543151855, 'eyeBlinkRight': 0.21306684613227844, 'eyeLookDownLeft': 0.4800180494785309, 'eyeLookDownRight': 0.4951133131980896, 'eyeLookInRight': 0.599972128868103, 'eyeLookOutLeft': 0.5927294492721558, 'eyeSquintLeft': 0.3124362826347351, 'eyeSquintRight': 0.4012811779975891}"
283466.6666666666,"{'browOuterUpLeft': 0.24915330111980438, 'browOuterUpRight': 0.30891504883766174, 'eyeLookUpLeft': 0.4769740402698517, 'eyeLookUpRight': 0.5231015682220459, 'eyeSquintLeft': 0.22522710263729095, 'eyeSquintRight': 0.20786327123641968}"
285733.3333333334,"{'browInnerUp': 0.41076233983039856, 'browOuterUpLeft': 0.6920511722564697, 'browOuterUpRight': 0.7906519770622253, 'eyeBlinkLeft': 0.2943367660045624, 'eyeBlinkRight': 0.29564663767814636, 'eyeLookDownLeft': 0.5657198429107666, 'eyeLookDownRight': 0.5845080614089966, 'eyeLookInRight': 0.5762479305267334, 'eyeLookOutLeft': 0.5697880983352661, 'eyeSquintLeft': 0.38173872232437134, 'eyeSquintRight': 0.48982545733451843}"
287866.6666666667,"{'browInnerUp': 0.21663907170295715, 'browOuterUpLeft': 0.6769059300422668, 'browOuterUpRight': 0.7786049842834473, 'eyeBlinkLeft': 0.30534204840660095, 'eyeBlinkRight': 0.24493016302585602, 'eyeLookDownLeft': 0.3820677399635315, 'eyeLookDownRight': 0.3961383104324341, 'eyeLookInRight': 0.4210221469402313, 'eyeLookOutLeft': 0.4106466770172119, 'eyeSquintLeft': 0.6261262893676758, 'eyeSquintRight': 0.4661296010017395}"
290400.0,"{'browOuterUpRight': 0.3119862973690033, 'eyeLookUpLeft': 0.22689568996429443, 'eyeLookUpRight': 0.2878219187259674}"
292666.6666666667,"{'browOuterUpLeft': 0.3052639663219452, 'browOuterUpRight': 0.2904036343097687, 'eyeLookUpLeft': 0.2279708832502365, 'eyeLookUpRight': 0.25884681940078735}"
294733.3333333334,"{'browOuterUpRight': 0.24712619185447693, 'eyeLookUpLeft': 0.5364887714385986, 'eyeLookUpRight': 0.603318452835083, 'eyeSquintRight': 0.2580597996711731}"
297033.3333333333,"{'browOuterUpLeft': 0.20593397319316864, 'browOuterUpRight': 0.23191918432712555, 'eyeLookUpLeft': 0.20552431046962738, 'eyeLookUpRight': 0.242890402674675, 'mouthPressLeft': 0.5106161832809448}"
299066.6666666667,"{'browOuterUpRight': 0.410773903131485, 'eyeBlinkLeft': 0.34003227949142456, 'eyeLookDownLeft': 0.2267340123653412, 'eyeLookDownRight': 0.21443040668964386, 'eyeSquintLeft': 0.46901196241378784, 'eyeSquintRight': 0.4191776216030121, 'mouthPressLeft': 0.4307830333709717}"
301166.6666666667,"{'eyeLookUpLeft': 0.34318864345550537, 'eyeLookUpRight': 0.42013847827911377, 'eyeSquintLeft': 0.28671738505363464, 'eyeSquintRight': 0.33888953924179077, 'mouthPressLeft': 0.34135839343070984}"
303366.6666666667,"{'browOuterUpLeft': 0.28922680020332336, 'eyeBlinkLeft': 0.5933231115341187, 'eyeBlinkRight': 0.3180731534957886, 'eyeLookDownLeft': 0.5916974544525146, 'eyeLookDownRight': 0.5816510319709778, 'eyeSquintLeft': 0.5902308225631714, 'eyeSquintRight': 0.3996438682079315, 'mouthSmileLeft': 0.651202917098999, 'mouthSmileRight': 0.5419104099273682}"
305666.6666666667,"{'browInnerUp': 0.22728468477725983, 'browOuterUpLeft': 0.3673263490200043, 'browOuterUpRight': 0.2888502776622772, 'eyeLookInRight': 0.9597637057304382, 'eyeLookOutLeft': 0.9580235481262207}"
308133.3333333333,"{'browOuterUpLeft': 0.22183014452457428, 'browOuterUpRight': 0.2875593602657318, 'eyeLookInRight': 0.967108964920044, 'eyeLookOutLeft': 0.967620313167572, 'mouthPressLeft': 0.49005600810050964}"
310500.0,"{'browOuterUpRight': 0.24552367627620697, 'eyeLookUpLeft': 0.2660754919052124, 'eyeLookUpRight': 0.3251936435699463, 'mouthPressLeft': 0.34715715050697327}"
312766.6666666666,"{'eyeLookInLeft': 0.8175559639930725, 'eyeLookOutRight': 0.8161689043045044, 'mouthPressLeft': 0.22039678692817688}"
315066.6666666667,"{'browOuterUpLeft': 0.23309017717838287, 'browOuterUpRight': 0.28028032183647156, 'eyeLookOutRight': 0.21595539152622223, 'mouthStretchLeft': 0.20784282684326172}"
317266.6666666666,"{'browOuterUpRight': 0.22347983717918396, 'eyeLookOutRight': 0.22927600145339966, 'eyeLookUpRight': 0.2198890894651413, 'eyeSquintLeft': 0.21687772870063782, 'eyeSquintRight': 0.24097412824630737}"
319600.0,"{'eyeLookInLeft': 0.3055489659309387, 'eyeLookOutRight': 0.34079617261886597}"
322000.0,"{'eyeLookInLeft': 0.4077482521533966, 'eyeLookOutRight': 0.4454309940338135}"
323800.0,"{'browOuterUpLeft': 0.3135877251625061, 'browOuterUpRight': 0.44843590259552, 'eyeLookOutRight': 0.21122191846370697, 'eyeLookUpLeft': 0.3521697223186493, 'eyeLookUpRight': 0.4053228497505188, 'eyeSquintRight': 0.29900282621383667}"
326200.0,"{'browOuterUpLeft': 0.4816400408744812, 'browOuterUpRight': 0.5518229603767395, 'eyeLookUpLeft': 0.7506524324417114, 'eyeLookUpRight': 0.7352522015571594, 'eyeSquintLeft': 0.3603508472442627, 'mouthPucker': 0.31763148307800293}"
328333.3333333333,"{'browInnerUp': 0.21503713726997375, 'browOuterUpLeft': 0.4987291693687439, 'browOuterUpRight': 0.4325740337371826, 'eyeLookInLeft': 0.3722868859767914, 'eyeLookOutRight': 0.3873407244682312, 'eyeLookUpLeft': 0.4646509289741516, 'eyeLookUpRight': 0.4595979154109955, 'eyeSquintLeft': 0.661207914352417, 'eyeSquintRight': 0.28563374280929565}"
330633.3333333333,"{'eyeLookInRight': 0.23280392587184906, 'eyeLookOutLeft': 0.26901039481163025, 'eyeLookUpLeft': 0.40345847606658936, 'eyeLookUpRight': 0.48797285556793213, 'eyeSquintLeft': 0.21870210766792297, 'eyeSquintRight': 0.3632420003414154, 'mouthPressLeft': 0.28742533922195435}"
333000.0,"{'browOuterUpLeft': 0.20690496265888214, 'browOuterUpRight': 0.2649290859699249, 'eyeLookUpRight': 0.2345186024904251, 'mouthLowerDownLeft': 0.21242061257362366, 'mouthLowerDownRight': 0.2172541469335556}"
335200.0,"{'browOuterUpLeft': 0.23725560307502747, 'eyeLookDownLeft': 0.25122836232185364, 'eyeLookDownRight': 0.24526338279247284, 'eyeLookInLeft': 0.3122732937335968, 'eyeLookOutRight': 0.3438660204410553, 'eyeSquintLeft': 0.2506471574306488, 'eyeSquintRight': 0.2158007174730301}"
337566.6666666667,"{'browInnerUp': 0.3127232789993286, 'browOuterUpLeft': 0.4150507152080536, 'browOuterUpRight': 0.7542502880096436, 'eyeBlinkLeft': 0.21492375433444977, 'eyeLookDownLeft': 0.47737035155296326, 'eyeLookDownRight': 0.4492761790752411, 'eyeLookInRight': 0.2407914698123932, 'eyeLookOutLeft': 0.24374312162399292, 'eyeSquintLeft': 0.30490073561668396, 'eyeSquintRight': 0.3847545385360718, 'mouthPressLeft': 0.3996557593345642}"
340033.3333333333,"{'browInnerUp': 0.538185715675354, 'browOuterUpLeft': 0.252848356962204, 'browOuterUpRight': 0.27858850359916687, 'eyeLookInLeft': 0.2053803652524948, 'eyeLookUpLeft': 0.2114318609237671, 'eyeLookUpRight': 0.3643186092376709, 'eyeSquintRight': 0.47019290924072266}"
342433.3333333333,"{'browInnerUp': 0.29418855905532837, 'browOuterUpLeft': 0.47246497869491577, 'browOuterUpRight': 0.6185928583145142, 'eyeBlinkLeft': 0.3217175006866455, 'eyeBlinkRight': 0.24366264045238495, 'eyeLookDownLeft': 0.5874513983726501, 'eyeLookDownRight': 0.60866779088974, 'eyeLookInRight': 0.2831469476222992, 'eyeLookOutLeft': 0.2785710096359253, 'eyeSquintLeft': 0.4140681326389313, 'eyeSquintRight': 0.4605482220649719, 'mouthPressLeft': 0.6277362108230591}"
344433.3333333333,"{'browInnerUp': 0.30361759662628174, 'browOuterUpLeft': 0.5907427072525024, 'browOuterUpRight': 0.7955851554870605, 'eyeBlinkLeft': 0.33587953448295593, 'eyeBlinkRight': 0.2547050416469574, 'eyeLookDownLeft': 0.4094069004058838, 'eyeLookDownRight': 0.3852759897708893, 'eyeSquintLeft': 0.5617284178733826, 'eyeSquintRight': 0.5595694780349731, 'mouthPressLeft': 0.3034944534301758}"
346333.3333333333,"{'browInnerUp': 0.4986303746700287, 'browOuterUpLeft': 0.5531472563743591, 'browOuterUpRight': 0.7348513603210449, 'eyeBlinkLeft': 0.28804218769073486, 'eyeBlinkRight': 0.2622431218624115, 'eyeLookDownLeft': 0.5234414935112, 'eyeLookDownRight': 0.5507915616035461, 'eyeLookInRight': 0.35821640491485596, 'eyeLookOutLeft': 0.35854390263557434, 'eyeSquintLeft': 0.34829869866371155, 'eyeSquintRight': 0.3714110553264618}"
348500.0,"{'browOuterUpLeft': 0.26636937260627747, 'browOuterUpRight': 0.38285884261131287, 'eyeLookOutRight': 0.210456982254982, 'eyeLookUpRight': 0.22478294372558594, 'eyeSquintRight': 0.22966310381889343, 'mouthRight': 0.27713721990585327}"
350633.3333333333,"{'browInnerUp': 0.25443941354751587, 'browOuterUpLeft': 0.5861875414848328, 'browOuterUpRight': 0.7145017385482788, 'eyeBlinkLeft': 0.2643291652202606, 'eyeBlinkRight': 0.3225836753845215, 'eyeLookDownLeft': 0.5204904675483704, 'eyeLookDownRight': 0.5479555130004883, 'eyeLookInRight': 0.24998126924037933, 'eyeLookOutLeft': 0.2366742342710495, 'eyeSquintLeft': 0.48864367604255676, 'eyeSquintRight': 0.4965134263038635}"
352833.3333333333,"{'browOuterUpLeft': 0.32009729743003845, 'eyeLookInRight': 0.8124337196350098, 'eyeLookOutLeft': 0.8193759322166443, 'eyeLookUpLeft': 0.4080061614513397, 'eyeLookUpRight': 0.42000195384025574, 'eyeSquintLeft': 0.322478711605072, 'eyeSquintRight': 0.25782206654548645}"
355200.0,"{'browOuterUpLeft': 0.3167080581188202, 'eyeLookInRight': 0.8347159624099731, 'eyeLookOutLeft': 0.8424809575080872, 'eyeLookUpLeft': 0.379385769367218, 'eyeLookUpRight': 0.3781996965408325, 'eyeSquintLeft': 0.4654056429862976, 'eyeSquintRight': 0.3972412943840027}"
357533.3333333333,"{'browInnerUp': 0.22767679393291473, 'browOuterUpLeft': 0.7116815447807312, 'browOuterUpRight': 0.6554754972457886, 'eyeBlinkLeft': 0.3804187476634979, 'eyeBlinkRight': 0.3255724310874939, 'eyeLookDownLeft': 0.6547691822052002, 'eyeLookDownRight': 0.6363850831985474, 'eyeSquintLeft': 0.5375713109970093, 'eyeSquintRight': 0.4725894033908844, 'mouthPressLeft': 0.3317682147026062}"
359833.3333333333,"{'browOuterUpLeft': 0.2502400279045105, 'browOuterUpRight': 0.28143876791000366, 'eyeLookInLeft': 0.4144291579723358, 'eyeLookOutRight': 0.4291858375072479, 'eyeLookUpLeft': 0.46792322397232056, 'eyeLookUpRight': 0.4850371778011322, 'eyeSquintLeft': 0.272867888212204, 'jawOpen': 0.2615795433521271}"
362033.3333333333,"{'browOuterUpLeft': 0.35483723878860474, 'browOuterUpRight': 0.30166423320770264, 'eyeLookInLeft': 0.5089749693870544, 'eyeLookOutRight': 0.5303916931152344, 'eyeLookUpLeft': 0.4798921048641205, 'eyeLookUpRight': 0.4959299564361572, 'eyeSquintLeft': 0.2871752977371216}"
364233.3333333334,"{'browOuterUpLeft': 0.285384863615036, 'eyeLookInRight': 0.8321424722671509, 'eyeLookOutLeft': 0.8281540274620056, 'eyeLookUpLeft': 0.27638664841651917, 'eyeLookUpRight': 0.28190574049949646, 'eyeSquintLeft': 0.3182187080383301}"
366500.0,"{'browOuterUpLeft': 0.6534308195114136, 'browOuterUpRight': 0.5771242380142212, 'eyeBlinkLeft': 0.2744423449039459, 'eyeLookDownLeft': 0.6026502251625061, 'eyeLookDownRight': 0.5985202789306641, 'eyeSquintLeft': 0.6346511840820312, 'eyeSquintRight': 0.41898852586746216}"
368966.6666666666,"{'browOuterUpLeft': 0.3061636984348297, 'browOuterUpRight': 0.20181164145469666, 'eyeLookInRight': 0.9026639461517334, 'eyeLookOutLeft': 0.9010339975357056, 'eyeLookUpLeft': 0.4812796413898468, 'eyeLookUpRight': 0.45036089420318604, 'eyeSquintLeft': 0.28193551301956177, 'mouthPucker': 0.36023062467575073, 'mouthRollLower': 0.5179810523986816, 'mouthRollUpper': 0.49117687344551086}"
371333.3333333333,"{'browOuterUpLeft': 0.3647635579109192, 'eyeLookInRight': 0.8314500451087952, 'eyeLookOutLeft': 0.8317325115203857, 'eyeLookUpLeft': 0.27303850650787354, 'eyeLookUpRight': 0.26656633615493774, 'eyeSquintLeft': 0.33378538489341736, 'eyeSquintRight': 0.2774069011211395, 'mouthPressRight': 0.20926693081855774, 'mouthRollLower': 0.3526279628276825, 'mouthShrugLower': 0.2655480206012726}"
373733.3333333334,"{'browOuterUpLeft': 0.43849876523017883, 'browOuterUpRight': 0.20224076509475708, 'eyeLookInRight': 0.8410928845405579, 'eyeLookOutLeft': 0.839938759803772, 'eyeLookUpLeft': 0.3584229648113251, 'eyeLookUpRight': 0.3408481776714325, 'eyeSquintLeft': 0.3034956455230713}"
376066.6666666667,"{'browOuterUpLeft': 0.31164607405662537, 'browOuterUpRight': 0.23002783954143524, 'eyeLookInRight': 0.8530701994895935, 'eyeLookOutLeft': 0.8535763621330261, 'eyeLookUpLeft': 0.5712225437164307, 'eyeLookUpRight': 0.5513861179351807, 'eyeSquintLeft': 0.3064536154270172, 'eyeSquintRight': 0.21818743646144867}"
378533.3333333333,"{'browOuterUpLeft': 0.45403000712394714, 'eyeLookInRight': 0.9257757067680359, 'eyeLookOutLeft': 0.9236882925033569, 'eyeLookUpLeft': 0.4797198176383972, 'eyeLookUpRight': 0.47772911190986633, 'eyeSquintLeft': 0.3630349040031433, 'eyeSquintRight': 0.31526270508766174, 'mouthRollLower': 0.23002605140209198}"
380833.3333333333,"{'browOuterUpLeft': 0.34364694356918335, 'browOuterUpRight': 0.4055998623371124, 'eyeLookInLeft': 0.25924205780029297, 'eyeLookOutRight': 0.2757212817668915, 'eyeLookUpLeft': 0.3168088495731354, 'eyeLookUpRight': 0.336795836687088, 'eyeSquintLeft': 0.5803529024124146, 'eyeSquintRight': 0.2416696399450302, 'mouthPressLeft': 0.22720997035503387, 'mouthRollLower': 0.2385411560535431}"
383166.6666666667,"{'browOuterUpLeft': 0.5136016011238098, 'browOuterUpRight': 0.6350144743919373, 'eyeLookDownLeft': 0.37177222967147827, 'eyeLookDownRight': 0.3405577540397644, 'eyeSquintLeft': 0.5436672568321228, 'eyeSquintRight': 0.5346782207489014, 'mouthPressLeft': 0.32380661368370056}"
385633.3333333333,"{'browOuterUpLeft': 0.26850536465644836, 'browOuterUpRight': 0.3658636808395386, 'eyeLookInLeft': 0.23633666336536407, 'eyeLookOutRight': 0.263264000415802, 'eyeLookUpLeft': 0.31833621859550476, 'eyeLookUpRight': 0.33987724781036377, 'eyeSquintLeft': 0.3167360723018646}"
388033.3333333333,"{'browInnerUp': 0.49067652225494385, 'browOuterUpLeft': 0.634355902671814, 'browOuterUpRight': 0.7390203475952148, 'eyeLookDownLeft': 0.7286185026168823, 'eyeLookDownRight': 0.7185224294662476, 'eyeLookInRight': 0.49849578738212585, 'eyeLookOutLeft': 0.5135998725891113, 'eyeSquintRight': 0.21829155087471008, 'mouthPressLeft': 0.7677779197692871, 'mouthPressRight': 0.39445388317108154, 'mouthRollLower': 0.3912225663661957}"
390233.3333333334,"{'browOuterUpLeft': 0.23108261823654175, 'browOuterUpRight': 0.38799965381622314}"
392166.6666666667,"{'browInnerUp': 0.3054220676422119, 'browOuterUpLeft': 0.5685708522796631, 'browOuterUpRight': 0.5441680550575256, 'eyeBlinkLeft': 0.40921321511268616, 'eyeBlinkRight': 0.4715130031108856, 'eyeLookDownLeft': 0.7249516248703003, 'eyeLookDownRight': 0.7236454486846924, 'eyeLookInRight': 0.4895460903644562, 'eyeLookOutLeft': 0.486477255821228, 'eyeSquintLeft': 0.42158904671669006, 'eyeSquintRight': 0.3535401225090027, 'mouthPucker': 0.46123310923576355, 'mouthRight': 0.20217609405517578}"
394266.6666666666,"{'browOuterUpLeft': 0.582047700881958, 'browOuterUpRight': 0.5891605019569397, 'eyeBlinkLeft': 0.22847820818424225, 'eyeBlinkRight': 0.25670814514160156, 'eyeLookDownLeft': 0.3989435136318207, 'eyeLookDownRight': 0.4035628139972687, 'eyeLookInRight': 0.31770145893096924, 'eyeLookOutLeft': 0.31190788745880127, 'eyeSquintLeft': 0.46032485365867615, 'eyeSquintRight': 0.5788336992263794}"
396633.3333333333,"{'browOuterUpLeft': 0.2576301693916321, 'browOuterUpRight': 0.4185003936290741, 'eyeLookUpLeft': 0.6106888055801392, 'eyeLookUpRight': 0.6440768837928772}"
398300.0,"{'browOuterUpLeft': 0.46730807423591614, 'browOuterUpRight': 0.5125041604042053, 'eyeLookDownLeft': 0.2312551885843277, 'eyeLookDownRight': 0.2445390671491623, 'eyeLookInRight': 0.3235551714897156, 'eyeLookOutLeft': 0.325890451669693, 'eyeSquintLeft': 0.5481805801391602, 'eyeSquintRight': 0.5381537079811096, 'mouthPucker': 0.38575440645217896}"
400633.3333333333,"{'browOuterUpLeft': 0.580886960029602, 'browOuterUpRight': 0.5128634572029114, 'eyeLookUpLeft': 0.7100740671157837, 'eyeLookUpRight': 0.7199589610099792, 'eyeSquintLeft': 0.2662469148635864}"
402766.6666666666,"{'browOuterUpLeft': 0.21745668351650238, 'browOuterUpRight': 0.2848041355609894, 'eyeBlinkLeft': 0.22094644606113434, 'eyeLookInRight': 0.22877158224582672, 'eyeLookOutLeft': 0.25747138261795044, 'eyeSquintLeft': 0.6161578893661499, 'eyeSquintRight': 0.4502667486667633, 'mouthPucker': 0.4192962348461151}"
404933.3333333333,"{'browOuterUpLeft': 0.3820224702358246, 'browOuterUpRight': 0.631742537021637, 'eyeBlinkLeft': 0.20683570206165314, 'eyeLookDownLeft': 0.42198646068573, 'eyeLookDownRight': 0.42471399903297424, 'eyeLookInLeft': 0.47564834356307983, 'eyeLookOutRight': 0.494723379611969, 'eyeSquintLeft': 0.47987064719200134, 'eyeSquintRight': 0.3366158604621887}"
407200.0,"{'browOuterUpLeft': 0.22317245602607727, 'browOuterUpRight': 0.34569403529167175, 'eyeLookInLeft': 0.27219656109809875, 'eyeLookOutRight': 0.3106831908226013, 'eyeLookUpLeft': 0.38524049520492554, 'eyeLookUpRight': 0.4108034372329712}"
409533.3333333333,"{'browOuterUpLeft': 0.453755646944046, 'browOuterUpRight': 0.3076150715351105, 'eyeLookUpLeft': 0.3667127788066864, 'eyeLookUpRight': 0.40812769532203674, 'mouthPressLeft': 0.22570860385894775}"
411833.3333333333,"{'browOuterUpLeft': 0.3657070994377136, 'browOuterUpRight': 0.2915230989456177, 'eyeLookOutRight': 0.22434839606285095, 'eyeLookUpLeft': 0.27933400869369507, 'eyeLookUpRight': 0.30443403124809265, 'mouthPressLeft': 0.23887021839618683}"
414300.0,"{'browOuterUpLeft': 0.3729230761528015, 'browOuterUpRight': 0.32831037044525146, 'eyeLookOutRight': 0.21663229167461395, 'eyeLookUpLeft': 0.3699873387813568, 'eyeLookUpRight': 0.40300896763801575, 'eyeSquintLeft': 0.24594518542289734}"
416599.99999999994,"{'browInnerUp': 0.5831221342086792, 'browOuterUpLeft': 0.38895466923713684, 'browOuterUpRight': 0.27818429470062256, 'eyeLookUpRight': 0.20888088643550873, 'eyeSquintRight': 0.5104533433914185}"
418700.0,"{'browOuterUpLeft': 0.23239964246749878, 'browOuterUpRight': 0.2326330691576004, 'eyeBlinkLeft': 0.5386143922805786, 'eyeBlinkRight': 0.4988654553890228, 'eyeLookDownLeft': 0.5134683847427368, 'eyeLookDownRight': 0.5353764295578003, 'eyeSquintLeft': 0.8228585124015808, 'eyeSquintRight': 0.6081023216247559}"
421133.3333333333,"{'eyeLookUpLeft': 0.38513290882110596, 'eyeLookUpRight': 0.43631795048713684, 'eyeSquintLeft': 0.2245967537164688, 'eyeSquintRight': 0.2316424399614334}"
423433.3333333333,"{'browOuterUpRight': 0.3463965058326721, 'eyeLookUpLeft': 0.25315821170806885, 'eyeLookUpRight': 0.291035920381546, 'eyeSquintLeft': 0.39844369888305664}"
425433.3333333333,"{'browOuterUpRight': 0.2931768000125885, 'eyeLookInLeft': 0.33246758580207825, 'eyeLookOutRight': 0.3456457257270813, 'eyeSquintLeft': 0.5205761194229126, 'eyeSquintRight': 0.3134300410747528}"
427666.6666666667,"{'browOuterUpLeft': 0.2818146049976349, 'browOuterUpRight': 0.24398121237754822, 'eyeLookUpLeft': 0.25584837794303894, 'eyeLookUpRight': 0.2665172815322876, 'eyeSquintLeft': 0.4964957535266876, 'eyeSquintRight': 0.31182920932769775}"
430166.6666666667,"{'browOuterUpLeft': 0.33075249195098877, 'browOuterUpRight': 0.2987476885318756, 'eyeLookInRight': 0.9110115766525269, 'eyeLookOutLeft': 0.9099550247192383, 'eyeLookUpLeft': 0.4494662284851074, 'eyeLookUpRight': 0.44184255599975586, 'eyeSquintLeft': 0.44119516015052795, 'eyeSquintRight': 0.2600499987602234}"
432333.3333333333,"{'browOuterUpLeft': 0.282121866941452, 'eyeLookDownLeft': 0.30083218216896057, 'eyeLookDownRight': 0.2541333734989166, 'eyeLookInLeft': 0.6967617273330688, 'eyeLookOutRight': 0.7179603576660156, 'eyeSquintLeft': 0.4726056158542633, 'eyeSquintRight': 0.47789087891578674}"
434533.3333333333,"{'browOuterUpLeft': 0.2305363267660141, 'browOuterUpRight': 0.285503625869751, 'eyeLookUpLeft': 0.34766849875450134, 'eyeLookUpRight': 0.3749663531780243, 'eyeSquintLeft': 0.34903034567832947, 'eyeSquintRight': 0.2314801812171936}"
436466.6666666666,"{'browOuterUpLeft': 0.23127643764019012, 'eyeLookInRight': 0.9295836687088013, 'eyeLookOutLeft': 0.9293836951255798, 'eyeLookUpLeft': 0.3340383768081665, 'eyeLookUpRight': 0.33398112654685974, 'eyeSquintLeft': 0.6507349014282227, 'eyeSquintRight': 0.6047405004501343}"
438466.6666666666,"{'browOuterUpLeft': 0.36847126483917236, 'eyeLookInRight': 0.9061439037322998, 'eyeLookOutLeft': 0.9048200249671936, 'eyeLookUpLeft': 0.5100350379943848, 'eyeLookUpRight': 0.5180917978286743, 'eyeSquintRight': 0.2531832754611969}"
440766.6666666666,"{'browOuterUpLeft': 0.3762972354888916, 'browOuterUpRight': 0.31281253695487976, 'eyeLookInLeft': 0.5393810272216797, 'eyeLookOutRight': 0.5628373622894287, 'eyeLookUpLeft': 0.5208443403244019, 'eyeLookUpRight': 0.5313899517059326, 'eyeSquintLeft': 0.44315239787101746, 'eyeSquintRight': 0.32776281237602234}"
443066.6666666667,"{'browOuterUpLeft': 0.29949110746383667, 'browOuterUpRight': 0.34399130940437317, 'eyeLookInRight': 0.9566838145256042, 'eyeLookOutLeft': 0.9566597938537598, 'eyeLookUpLeft': 0.443195641040802, 'eyeLookUpRight': 0.43148675560951233, 'eyeSquintLeft': 0.38637575507164, 'eyeSquintRight': 0.2431594282388687}"
445466.6666666666,"{'browOuterUpLeft': 0.25318264961242676, 'browOuterUpRight': 0.2378576248884201, 'eyeLookInLeft': 0.404390811920166, 'eyeLookOutRight': 0.42679354548454285, 'eyeSquintLeft': 0.34884539246559143}"
447800.0,"{'browOuterUpRight': 0.22523897886276245, 'eyeSquintLeft': 0.3145100474357605, 'eyeSquintRight': 0.2120848447084427, 'mouthPressLeft': 0.2722107470035553}"
449966.6666666666,"{'browDownRight': 0.21808485686779022, 'eyeLookInLeft': 0.5850694179534912, 'eyeLookOutRight': 0.6118543744087219, 'mouthPressLeft': 0.31263571977615356}"
452099.99999999994,"{'browInnerUp': 0.4106590449810028, 'browOuterUpLeft': 0.6687965393066406, 'browOuterUpRight': 0.753497838973999, 'eyeLookDownLeft': 0.5753235816955566, 'eyeLookDownRight': 0.5901628136634827, 'eyeLookInRight': 0.45463141798973083, 'eyeLookOutLeft': 0.44954609870910645, 'eyeSquintLeft': 0.34063127636909485, 'eyeSquintRight': 0.41759032011032104}"
454333.3333333333,"{'browOuterUpLeft': 0.2870103120803833, 'browOuterUpRight': 0.26396629214286804, 'eyeLookInLeft': 0.26493343710899353, 'eyeLookOutRight': 0.3059152662754059, 'eyeLookUpLeft': 0.4535920023918152, 'eyeLookUpRight': 0.47184693813323975, 'eyeSquintLeft': 0.36396265029907227, 'eyeSquintRight': 0.25403034687042236, 'mouthPressLeft': 0.2816717028617859}"
456599.99999999994,"{'eyeLookInLeft': 0.7531223297119141, 'eyeLookOutRight': 0.7842389941215515, 'eyeLookUpRight': 0.22185538709163666, 'mouthPressLeft': 0.22430144250392914}"
458933.3333333333,"{'eyeLookInLeft': 0.6498252153396606, 'eyeLookOutRight': 0.6814334392547607, 'mouthPressLeft': 0.2730324864387512}"
461233.3333333334,"{'browOuterUpRight': 0.30346181988716125, 'mouthLowerDownLeft': 0.26085492968559265, 'mouthLowerDownRight': 0.28622251749038696}"
463633.3333333333,"{'browOuterUpRight': 0.2611980736255646, 'eyeLookDownLeft': 0.3037925958633423, 'eyeLookDownRight': 0.34824636578559875, 'eyeSquintLeft': 0.31687137484550476, 'mouthPressLeft': 0.40972375869750977}"
466033.3333333333,"{'browOuterUpRight': 0.2313307374715805, 'eyeLookDownLeft': 0.22631168365478516, 'eyeLookDownRight': 0.2743404805660248, 'eyeSquintLeft': 0.2096768468618393, 'mouthPressLeft': 0.44975441694259644}"
468266.6666666666,"{'browOuterUpLeft': 0.26200881600379944, 'browOuterUpRight': 0.4290207326412201, 'eyeBlinkLeft': 0.4988973140716553, 'eyeBlinkRight': 0.5071327686309814, 'eyeLookDownLeft': 0.5962822437286377, 'eyeLookDownRight': 0.6005480289459229, 'eyeSquintLeft': 0.6374118328094482, 'eyeSquintRight': 0.399051696062088, 'mouthPressLeft': 0.27228161692619324}"
470466.6666666666,"{'browOuterUpRight': 0.27053511142730713, 'eyeSquintLeft': 0.2616536021232605, 'eyeSquintRight': 0.22096681594848633, 'mouthPressLeft': 0.446524441242218}"
472733.3333333334,"{'browOuterUpRight': 0.26204875111579895, 'eyeSquintLeft': 0.2722645401954651}"
474900.0,"{'browOuterUpRight': 0.477713942527771, 'eyeBlinkLeft': 0.6024520397186279, 'eyeBlinkRight': 0.4300667941570282, 'eyeLookDownLeft': 0.6397247910499573, 'eyeLookDownRight': 0.6785205602645874, 'eyeLookInRight': 0.32489392161369324, 'eyeLookOutLeft': 0.3414246737957001, 'eyeSquintLeft': 0.5476558208465576, 'eyeSquintRight': 0.34513059258461, 'mouthPressLeft': 0.26421868801116943}"
477166.6666666667,"{'browInnerUp': 0.29548031091690063, 'browOuterUpLeft': 0.3648858070373535, 'browOuterUpRight': 0.629114031791687, 'eyeBlinkLeft': 0.23649241030216217, 'eyeBlinkRight': 0.2063220739364624, 'eyeLookDownLeft': 0.6558807492256165, 'eyeLookDownRight': 0.6791316270828247, 'eyeLookInRight': 0.4767197370529175, 'eyeLookOutLeft': 0.49657484889030457, 'eyeSquintLeft': 0.2583208680152893, 'eyeSquintRight': 0.24981148540973663, 'mouthPressLeft': 0.3471577763557434}"
478433.3333333333,"{'eyeBlinkLeft': 0.530738353729248, 'eyeBlinkRight': 0.3658691644668579, 'eyeLookDownLeft': 0.6000674962997437, 'eyeLookDownRight': 0.6063872575759888, 'eyeLookInLeft': 0.2371658980846405, 'eyeLookOutRight': 0.2716027796268463, 'eyeSquintLeft': 0.5097089409828186, 'eyeSquintRight': 0.4501347839832306, 'mouthPressLeft': 0.5403892993927002, 'mouthRight': 0.2285013198852539}"
